class,precision,recall,f1-score,support
angry,1.0,0.975,0.9873417721518988,120.0
disgust,1.0,1.0,1.0,120.0
fear,1.0,1.0,1.0,120.0
happy,0.975609756097561,1.0,0.9876543209876543,120.0
neutral,1.0,1.0,1.0,120.0
sad,1.0,1.0,1.0,120.0
macro avg,0.9959349593495935,0.9958333333333332,0.9958326821899255,720.0
weighted avg,0.9959349593495934,0.9958333333333333,0.9958326821899255,720.0
