class,precision,recall,f1-score,support
angry,0.0,0.0,0.0,120.0
disgust,0.0,0.0,0.0,120.0
fear,0.0,0.0,0.0,120.0
happy,0.0,0.0,0.0,120.0
neutral,0.16666666666666666,1.0,0.2857142857142857,120.0
sad,0.0,0.0,0.0,120.0
macro avg,0.027777777777777776,0.16666666666666666,0.047619047619047616,720.0
weighted avg,0.027777777777777776,0.16666666666666666,0.047619047619047616,720.0
